id;name;title;description;content;image;image_content_type
1;er early;vivaciously;what mature;../fake-data/blob/hipster.txt;../fake-data/blob/hipster.png;image/png
2;supposing relative;oof woot;waist staid amongst;../fake-data/blob/hipster.txt;../fake-data/blob/hipster.png;image/png
3;scarily mid yuck;venom foot;degrease;../fake-data/blob/hipster.txt;../fake-data/blob/hipster.png;image/png
4;phooey ew chunder;sedately zebra;punctually;../fake-data/blob/hipster.txt;../fake-data/blob/hipster.png;image/png
5;mantua agitated lively;throughout after forceful;sundae obsess psst;../fake-data/blob/hipster.txt;../fake-data/blob/hipster.png;image/png
6;offset pull enrage;weird woefully now;requite;../fake-data/blob/hipster.txt;../fake-data/blob/hipster.png;image/png
7;account;as since;unibody pish;../fake-data/blob/hipster.txt;../fake-data/blob/hipster.png;image/png
8;impact word;hmph;giggle foot;../fake-data/blob/hipster.txt;../fake-data/blob/hipster.png;image/png
9;wisecrack muscat;pension;phooey outflank unique;../fake-data/blob/hipster.txt;../fake-data/blob/hipster.png;image/png
10;circular per gladly;developing;bravely hygienic;../fake-data/blob/hipster.txt;../fake-data/blob/hipster.png;image/png
