id;name;description;url;content;content_content_type;file_type
1;mostly;fatally duh;https://familiar-armoire.com/;../fake-data/blob/hipster.png;image/png;PDF
2;among;put;https://grimy-transom.org/;../fake-data/blob/hipster.png;image/png;IMAGE
3;blah phooey however;yahoo gadzooks mysterious;https://wealthy-tenement.org;../fake-data/blob/hipster.png;image/png;PDF
4;perky for ridge;ugh large;https://dismal-coast.com/;../fake-data/blob/hipster.png;image/png;PDF
5;geez;battle culture pry;https://improbable-sonata.biz/;../fake-data/blob/hipster.png;image/png;PDF
6;yet to authentic;give by quinoa;https://definite-tool.net/;../fake-data/blob/hipster.png;image/png;IMAGE
7;aw innocent moisten;whoa provided;https://old-yak.biz;../fake-data/blob/hipster.png;image/png;IMAGE
8;next psst failing;jumbo;https://watery-cop-out.net;../fake-data/blob/hipster.png;image/png;VIDEO
9;restructure ad;friendly sandy nervous;https://elliptical-conservation.net;../fake-data/blob/hipster.png;image/png;PDF
10;via swill without;limply because muddy;https://variable-bend.info/;../fake-data/blob/hipster.png;image/png;IMAGE
