id;name;description;image;image_content_type;file_url;file_content;file_content_content_type;file_type
1;relative unless;beside;../fake-data/blob/hipster.png;image/png;for finally;../fake-data/blob/hipster.png;image/png;IMAGE
2;qua;failing shabby;../fake-data/blob/hipster.png;image/png;long;../fake-data/blob/hipster.png;image/png;PDF
3;without woot spherical;weary whenever like;../fake-data/blob/hipster.png;image/png;zowie draft save;../fake-data/blob/hipster.png;image/png;IMAGE
4;overcooked apropos;sensitize mousse tenant;../fake-data/blob/hipster.png;image/png;below slime while;../fake-data/blob/hipster.png;image/png;VIDEO
5;over uh-huh savour;carboxyl appropriate;../fake-data/blob/hipster.png;image/png;hm;../fake-data/blob/hipster.png;image/png;VIDEO
6;why;fooey;../fake-data/blob/hipster.png;image/png;squirm;../fake-data/blob/hipster.png;image/png;VIDEO
7;regarding;private;../fake-data/blob/hipster.png;image/png;scarcely since unique;../fake-data/blob/hipster.png;image/png;VIDEO
8;fort searchingly hover;unwelcome premeditation whoever;../fake-data/blob/hipster.png;image/png;lava;../fake-data/blob/hipster.png;image/png;IMAGE
9;usually hence tremendously;petal;../fake-data/blob/hipster.png;image/png;obediently evenly;../fake-data/blob/hipster.png;image/png;PDF
10;yowza yearningly scarcely;testing;../fake-data/blob/hipster.png;image/png;which beside;../fake-data/blob/hipster.png;image/png;PDF
